[
  {
    "metadataOutputVersion" : "3.0",
    "shortDescription" : "This is the ParkinsonAI Speaking ML model which is created to detect voice disorders in humans.",
    "outputSchema" : [
      {
        "isOptional" : "0",
        "keyType" : "String",
        "formattedType" : "Dictionary (String → Double)",
        "type" : "Dictionary",
        "name" : "classLabelProbs",
        "shortDescription" : "Probability of each category"
      },
      {
        "isOptional" : "0",
        "formattedType" : "String",
        "type" : "String",
        "name" : "classLabel",
        "shortDescription" : "Most likely sound category"
      }
    ],
    "modelParameters" : [

    ],
    "author" : "Ataberk Turan",
    "specificationVersion" : 6,
    "isUpdatable" : "0",
    "availability" : {
      "macOS" : "12.0",
      "tvOS" : "15.0",
      "watchOS" : "8.0",
      "iOS" : "15.0",
      "macCatalyst" : "15.0"
    },
    "modelType" : {
      "name" : "MLModelType_pipelineClassifier",
      "structure" : [
        {
          "name" : "MLModelType_audioFeaturePrint"
        },
        {
          "name" : "MLModelType_glmClassifier"
        }
      ]
    },
    "inputSchema" : [
      {
        "dataType" : "Float32",
        "hasShapeFlexibility" : "1",
        "isOptional" : "0",
        "shapeFlexibility" : "8000...240000",
        "shapeRange" : "[[8000, 240000]]",
        "formattedType" : "MultiArray (Float32 15600)",
        "type" : "MultiArray",
        "shape" : "[15600]",
        "name" : "audioSamples",
        "shortDescription" : "Input audio samples to be classified"
      }
    ],
    "classLabels" : [
      "NormalVoice",
      "ParkinsonVoice"
    ],
    "generatedClassName" : "PAISpeakingML",
    "userDefinedMetadata" : {
      "com.apple.createml.app.tag" : "78.8",
      "com.apple.createml.version" : "12.3.0",
      "com.apple.coreml.model.preview.type" : "soundClassifier",
      "com.apple.createml.app.version" : "3.0",
      "sampleRate" : "16000"
    },
    "method" : "predict"
  }
]